upn,firstName,lastName,dateOfBirth,gender,status
UPN2000000002,Grace,Hopper,09/12/2009,Female,ACTIVE
UPN2000000003,Grace,Hopper,10/12/2009,Female,ACTIVE
UPN2000000004,Grace,Hopper,11/12/2009,Female,ACTIVE
UPN2000000005,Grace,Hopper,12/12/2009,Female,ACTIVE
UPN2000000006,Grace,Hopper,13/12/2009,Female,ACTIVE
UPN2000000007,Grace,Hopper,14/12/2009,Female,ACTIVE
UPN2000000008,Grace,Hopper,15/12/2009,Female,ACTIVE
UPN2000000009,Grace,Hopper,16/12/2009,Female,ACTIVE
UPN2000000010,Grace,Hopper,17/12/2009,Female,ACTIVE
UPN2000000011,Grace,Hopper,18/12/2009,Female,ACTIVE
UPN2000000012,Grace,Hopper,19/12/2009,Female,ACTIVE
UPN2000000013,Grace,Hopper,20/12/2009,Female,ACTIVE
UPN2000000014,Grace,Hopper,21/12/2009,Female,ACTIVE
UPN2000000015,Grace,Hopper,22/12/2009,Female,ACTIVE
UPN2000000016,Grace,Hopper,23/12/2009,Female,ACTIVE
UPN2000000017,Grace,Hopper,24/12/2009,Female,ACTIVE
UPN2000000018,Grace,Hopper,25/12/2009,Female,ACTIVE
UPN2000000019,Grace,Hopper,26/12/2009,Female,ACTIVE
UPN2000000020,Grace,Hopper,27/12/2009,Female,ACTIVE
